[
  {
    "question": "Hi",
    "answer": "Hello! How can I assist with your xCash cash out?"
  },
  {
    "question": "Hello",
    "answer": "Hi! Need help cashing out with xCash?"
  },
  {
    "question": "Anyone there?",
    "answer": "Yes, I’m here to help with your xCash cash out."
  },
  {
    "question": "Need help cashing out",
    "answer": "Sure! What’s your cash out issue with xCash?"
  },
  {
    "question": "How to cash out?",
    "answer": "Use the Cash Out section inside your xCash wallet."
  },
  {
    "question": "Cash out not working",
    "answer": "Try again or reach out to xCash support."
  },
  {
    "question": "Where to cash out?",
    "answer": "Find cash out points or agents via xCash app."
  },
  {
    "question": "Is cash out instant?",
    "answer": "Usually yes, xCash processes cash outs quickly."
  },
  {
    "question": "Cash out limits?",
    "answer": "Limits depend on your xCash account type."
  },
  {
    "question": "Need support for cash out",
    "answer": "I’m here to help with any xCash cash out questions."
  },
  {
    "question": "How long to get cash?",
    "answer": "Most cash outs complete in minutes on xCash."
  },
  {
    "question": "Cash out fees?",
    "answer": "Some fees may apply; check xCash terms."
  },
  {
    "question": "Can I cash out on weekends?",
    "answer": "Yes, xCash cash out is available 24/7 in most areas."
  },
  {
    "question": "Cash out agent nearby?",
    "answer": "Use xCash locator to find nearest agent."
  },
  {
    "question": "Cash out failed",
    "answer": "Verify details or contact xCash support for help."
  },
  {
    "question": "Is cash out secure?",
    "answer": "Yes, xCash uses strong security for cash outs."
  },
  {
    "question": "How to cancel cash out?",
    "answer": "Usually not possible after processing on xCash."
  },
  {
    "question": "Need quick cash out",
    "answer": "xCash processes most cash outs quickly."
  },
  {
    "question": "Hi, cash out help",
    "answer": "I’m ready to help you with xCash cash out."
  },
  {
    "question": "Where do I get cash?",
    "answer": "Cash out locations are listed inside xCash app."
  },
  {
    "question": "How do I withdraw to cash?",
    "answer": "To cash out, head to the Cash Out menu in your xCash dashboard."
  },
  {
    "question": "Where can I get my balance in hand?",
    "answer": "Use xCash’s Cash Out option to collect your money physically."
  },
  {
    "question": "I want to take my money out",
    "answer": "No problem, xCash lets you cash out anytime."
  },
  {
    "question": "Is there a way to cash my balance?",
    "answer": "Yes, xCash supports instant cash out options at agents or banks."
  },
  {
    "question": "Can I visit an agent?",
    "answer": "Absolutely! xCash agents are ready to help you cash out."
  },
  {
    "question": "Where is nearest cash out point?",
    "answer": "Use the xCash locator to find your nearest cash out center."
  },
  {
    "question": "Can I cash out at ATM?",
    "answer": "xCash partners with ATM networks to allow cardless cash outs."
  },
  {
    "question": "I need physical cash",
    "answer": "Cash out through xCash to receive actual currency."
  },
  {
    "question": "How fast is cash out?",
    "answer": "xCash usually processes cash outs within minutes."
  },
  {
    "question": "Is cash out available on weekends?",
    "answer": "Yes, with xCash, weekend cash outs are fully supported."
  },
  {
    "question": "How do I get hard cash?",
    "answer": "Use the cash out feature in xCash for physical currency."
  },
  {
    "question": "Where do I enter my amount?",
    "answer": "In xCash, you can input your cash out amount on the request screen."
  },
  {
    "question": "Do I need PIN to cash out?",
    "answer": "Yes, for security, xCash will ask for your transaction PIN."
  },
  {
    "question": "Why is cash out disabled?",
    "answer": "Make sure your xCash account is verified and funded."
  },
  {
    "question": "I can’t cash out",
    "answer": "Try refreshing the app or checking your xCash wallet balance."
  },
  {
    "question": "Is there a fee?",
    "answer": "xCash may apply a small service fee to cash out transactions."
  },
  {
    "question": "What’s the cash out limit?",
    "answer": "Your xCash cash out limit depends on your account level."
  },
  {
    "question": "Can I cash out in USD?",
    "answer": "Yes, xCash supports multiple currencies for cash out."
  },
  {
    "question": "Agent refused cash out",
    "answer": "Please report the issue through xCash support immediately."
  },
  {
    "question": "Where to collect cash?",
    "answer": "Your selected location in xCash will show pickup details."
  },
  {
    "question": "Can I schedule a cash out?",
    "answer": "xCash currently processes cash outs immediately for your convenience."
  },
  {
    "question": "Is cash out safe?",
    "answer": "Absolutely, xCash uses strong security to protect your cash out transactions."
  },
  {
    "question": "Can I cash out to a new bank account?",
    "answer": "Yes, add and verify the new account in xCash before cashing out."
  },
  {
    "question": "What happens if cash out fails?",
    "answer": "xCash will notify you and reverse any pending transactions."
  },
  {
    "question": "How do I update cash out details?",
    "answer": "Modify your payout info anytime in the xCash wallet settings."
  },
  {
    "question": "Is cash out instant to mobile wallets?",
    "answer": "Usually yes, xCash processes mobile wallet cash outs quickly."
  },
  {
    "question": "Can I cash out multiple times a day?",
    "answer": "Yes, xCash lets you cash out multiple times, within limits."
  },
  {
    "question": "Are cash out fees fixed or variable?",
    "answer": "xCash fees depend on amount and method used for cash out."
  },
  {
    "question": "How do I confirm cash out was successful?",
    "answer": "Check your xCash notifications and transaction history."
  },
  {
    "question": "Can I cash out internationally?",
    "answer": "xCash supports cash out in select countries; check your app."
  },
  {
    "question": "Why is my cash out pending?",
    "answer": "xCash is verifying your transaction for security purposes."
  },
  {
    "question": "Can I cancel a pending cash out?",
    "answer": "Yes, if it’s still pending, cancel it from xCash cash out history."
  },
  {
    "question": "Does cash out require internet?",
    "answer": "Yes, xCash needs internet to process your cash out request."
  },
  {
    "question": "What currencies does cash out support?",
    "answer": "xCash supports several currencies; see your app for details."
  },
  {
    "question": "Can I cash out using QR code?",
    "answer": "Yes, xCash supports QR-based cash out at partner agents."
  },
  {
    "question": "How do I increase cash out limits?",
    "answer": "Complete KYC verification in xCash to raise your limits."
  },
  {
    "question": "Are there cash out promotions?",
    "answer": "Check xCash app for occasional cash out fee discounts."
  },
  {
    "question": "What info is needed for cash out?",
    "answer": "xCash requires your payout method and amount to cash out."
  },
  {
    "question": "Can I cash out from multiple devices?",
    "answer": "Yes, access your xCash account safely from any device."
  },
  {
    "question": "Is there customer support for cash out?",
    "answer": "xCash support is always available to assist with cash out."
  },
  {
    "question": "How do I report a cash out issue?",
    "answer": "Contact xCash support via the app’s Help section for quick assistance."
  },
  {
    "question": "Can I cash out with no balance?",
    "answer": "You need sufficient balance in xCash to proceed with cash out."
  },
  {
    "question": "Why was my cash out declined?",
    "answer": "xCash may decline cash outs due to verification or security checks."
  },
  {
    "question": "Do I get a receipt for cash out?",
    "answer": "Yes, xCash provides digital receipts for all cash outs."
  },
  {
    "question": "Is there a minimum cash out amount?",
    "answer": "xCash sets minimum amounts to ensure smooth processing."
  },
  {
    "question": "Can I cash out partial balance?",
    "answer": "Yes, choose any amount up to your xCash wallet balance."
  },
  {
    "question": "What if I entered wrong cash out details?",
    "answer": "Contact xCash support immediately to resolve errors."
  },
  {
    "question": "How do I link a bank for cash out?",
    "answer": "Add your bank info securely in xCash wallet settings."
  },
  {
    "question": "Can I use cash out abroad?",
    "answer": "xCash supports cash out in selected countries internationally."
  },
  {
    "question": "Is my cash out history saved?",
    "answer": "Yes, all your transactions are securely logged in xCash."
  },
  {
    "question": "How do I confirm my cash out details?",
    "answer": "Review payout info carefully in the xCash cash out screen."
  },
  {
    "question": "Are there daily cash out limits?",
    "answer": "xCash enforces daily limits for your account security."
  },
  {
    "question": "Can I cash out without KYC?",
    "answer": "Some cash out methods may require completing KYC in xCash."
  },
  {
    "question": "How long does a cash out take to clear?",
    "answer": "Most xCash cash outs clear within minutes to a few hours."
  },
  {
    "question": "What if I don’t receive cash out funds?",
    "answer": "Contact xCash support to track and resolve delayed payments."
  },
  {
    "question": "Can I cash out using biometric verification?",
    "answer": "xCash offers biometric security for a safer cash out experience."
  },
  {
    "question": "Do I need an active account to cash out?",
    "answer": "Yes, your xCash account must be active and verified."
  },
  {
    "question": "Can cash out be done offline?",
    "answer": "Cash out requests must be made online via xCash app."
  },
  {
    "question": "Does xCash notify me after cash out?",
    "answer": "Yes, you’ll get a notification once your cash out completes."
  },
  {
    "question": "Can I set favorite cash out locations?",
    "answer": "Yes, save preferred payout points in your xCash app."
  },
  {
    "question": "Can I cash out to multiple accounts?",
    "answer": "Yes, xCash lets you manage and cash out to multiple linked accounts."
  },
  {
    "question": "How to add a new payout method?",
    "answer": "Simply go to wallet settings in xCash and add your payout info."
  },
  {
    "question": "What happens if cash out is delayed?",
    "answer": "xCash support will assist you in tracking and resolving delays."
  },
  {
    "question": "Is cash out secure on public Wi-Fi?",
    "answer": "xCash uses encryption to keep your transactions secure everywhere."
  },
  {
    "question": "Can I get a refund on cash out fees?",
    "answer": "Fee refunds depend on the issue; contact xCash support for help."
  },
  {
    "question": "Do I need a PIN for cash out?",
    "answer": "Yes, xCash requires your PIN to authorize cash out transactions."
  },
  {
    "question": "Is cash out available on weekends?",
    "answer": "Yes, xCash supports cash outs 24/7 including weekends."
  },
  {
    "question": "Can I schedule recurring cash outs?",
    "answer": "Currently, xCash processes cash outs manually on request."
  },
  {
    "question": "How do I check cash out limits?",
    "answer": "View your limits anytime in the xCash wallet section."
  },
  {
    "question": "Can I cancel a cash out after confirmation?",
    "answer": "If still pending, cancellations are possible via xCash app."
  },
  {
    "question": "How to track a cash out transaction?",
    "answer": "Use your transaction history in xCash to monitor cash outs."
  },
  {
    "question": "Are cash outs processed during holidays?",
    "answer": "Yes, xCash operates cash outs year-round."
  },
  {
    "question": "Can I cash out to a prepaid card?",
    "answer": "Yes, add your prepaid card details in xCash for cash out."
  },
  {
    "question": "What if I forget my cash out PIN?",
    "answer": "Reset your PIN securely through the xCash app settings."
  },
  {
    "question": "Is cash out limit based on account type?",
    "answer": "Yes, verified accounts generally have higher limits in xCash."
  },
  {
    "question": "Can I cash out using NFC?",
    "answer": "xCash supports contactless payments including NFC-enabled cash outs."
  },
  {
    "question": "Are cash out transactions reversible?",
    "answer": "Typically no; ensure details are correct before confirming."
  },
  {
    "question": "Does cash out require two-factor authentication?",
    "answer": "xCash encourages 2FA for added security during transactions."
  },
  {
    "question": "How do I update my cash out PIN?",
    "answer": "Change your PIN anytime in xCash security settings."
  },
  {
    "question": "Can I view cash out receipts later?",
    "answer": "Yes, all receipts are stored under your transaction history."
  },
  {
    "question": "Can I cash out to a new bank account?",
    "answer": "Yes, simply add the new account details in xCash before cashing out."
  },
  {
    "question": "What should I do if cash out fails?",
    "answer": "Try again or contact xCash support for assistance."
  },
  {
    "question": "Is cash out fee refundable?",
    "answer": "Generally no, but xCash support can review specific cases."
  },
  {
    "question": "How do I get notified of cash out completion?",
    "answer": "xCash sends real-time notifications upon successful cash out."
  },
  {
    "question": "Can I save multiple cash out templates?",
    "answer": "Yes, xCash lets you save preferred payout settings."
  },
  {
    "question": "Does xCash support instant cash out?",
    "answer": "Most cash outs are processed instantly or within minutes."
  },
  {
    "question": "Can I cash out from the website?",
    "answer": "Yes, xCash supports cash out via both app and website."
  },
  {
    "question": "Are cash out limits adjustable?",
    "answer": "Limits are based on account status and can increase with verification."
  },
  {
    "question": "How do I report fraudulent cash out activity?",
    "answer": "Immediately notify xCash support to secure your account."
  },
  {
    "question": "Can cash out be done without internet?",
    "answer": "No, an internet connection is required to initiate cash outs."
  },
  {
    "question": "Is there a way to speed up cash out?",
    "answer": "Ensure your account is verified for faster processing in xCash."
  },
  {
    "question": "Can I cash out in foreign currency?",
    "answer": "xCash supports multiple currencies depending on region."
  },
  {
    "question": "What happens if I enter wrong cash out amount?",
    "answer": "Double-check before confirming, as xCash transactions are usually final."
  },
  {
    "question": "Can I schedule cash out for later?",
    "answer": "Currently, xCash processes cash outs immediately upon request."
  },
  {
    "question": "How do I view cash out transaction details?",
    "answer": "All details are available in your xCash transaction history."
  },
  {
    "question": "Is there customer support for cash out issues?",
    "answer": "Yes, xCash provides 24/7 support for any cash out concerns."
  },
  {
    "question": "Can I cash out using QR code?",
    "answer": "Yes, xCash supports QR code-based cash out at partner locations."
  },
  {
    "question": "Does xCash verify my identity before cash out?",
    "answer": "Identity verification is required for security before some cash outs."
  },
  {
    "question": "Can I cash out without linking a bank?",
    "answer": "Other cash out methods like agents are available via xCash."
  },
  {
    "question": "Is cash out limit same for all users?",
    "answer": "No, limits vary based on account verification and usage."
  }
]
