[
  {
    "question": "Hi",
    "answer": "Hello! Need help with xCash vouchers?"
  },
  {
    "question": "Hello",
    "answer": "Hi! How can I assist with vouchers in xCash?"
  },
  {
    "question": "Anyone there?",
    "answer": "Yes, ready to help with your xCash voucher questions."
  },
  {
    "question": "Need help with voucher",
    "answer": "Sure! What do you need to know about xCash vouchers?"
  },
  {
    "question": "How to redeem voucher?",
    "answer": "Go to Voucher section and enter code in xCash."
  },
  {
    "question": "Voucher not working",
    "answer": "Check code validity or contact xCash support."
  },
  {
    "question": "Where to get vouchers?",
    "answer": "xCash offers vouchers via promotions and partners."
  },
  {
    "question": "Can I share vouchers?",
    "answer": "Yes, share voucher codes with friends for xCash credits."
  },
  {
    "question": "Voucher expiry?",
    "answer": "Check expiry date on voucher before redeeming in xCash."
  },
  {
    "question": "Need voucher support",
    "answer": "I’m here to help with any voucher issues on xCash."
  },
  {
    "question": "Can vouchers be reused?",
    "answer": "No, xCash vouchers are single-use only."
  },
  {
    "question": "How to check voucher balance?",
    "answer": "Use Voucher section to view your xCash voucher credits."
  },
  {
    "question": "Why voucher failed?",
    "answer": "Check code carefully and try again in xCash."
  },
  {
    "question": "Voucher limits?",
    "answer": "Limits depend on voucher terms in xCash."
  },
  {
    "question": "Can I buy vouchers?",
    "answer": "xCash partners sell vouchers via various outlets."
  },
  {
    "question": "Voucher bonus?",
    "answer": "Some vouchers include bonus credits on xCash."
  },
  {
    "question": "Hi, voucher help",
    "answer": "I’m ready to assist you with xCash vouchers."
  },
  {
    "question": "Where to enter voucher code?",
    "answer": "Use Redeem Voucher option in xCash wallet."
  },
  {
    "question": "Can vouchers expire?",
    "answer": "Yes, check expiry dates before redeeming on xCash."
  },
  {
    "question": "Voucher refund?",
    "answer": "No refunds on used vouchers in xCash."
  },
  {
    "question": "How do I redeem a voucher?",
    "answer": "Redeem your voucher quickly in the xCash voucher section."
  },
  {
    "question": "Where can I find my vouchers?",
    "answer": "Check your voucher wallet inside the xCash app."
  },
  {
    "question": "Can vouchers be shared?",
    "answer": "Yes, xCash lets you share vouchers with friends safely."
  },
  {
    "question": "Are vouchers refundable?",
    "answer": "Vouchers are generally non-refundable in xCash."
  },
  {
    "question": "How to apply a voucher during payment?",
    "answer": "Select the voucher option at checkout in xCash."
  },
  {
    "question": "Do vouchers expire?",
    "answer": "Yes, check the expiry date in your xCash voucher details."
  },
  {
    "question": "Can I use multiple vouchers at once?",
    "answer": "xCash currently allows one voucher per transaction."
  },
  {
    "question": "What types of vouchers does xCash support?",
    "answer": "xCash supports promo, gift, and discount vouchers."
  },
  {
    "question": "How to get new vouchers?",
    "answer": "Earn or buy vouchers through xCash promotions."
  },
  {
    "question": "Is voucher use tracked?",
    "answer": "Yes, xCash keeps a history of your voucher usage."
  },
  {
    "question": "Can vouchers be used for bill payments?",
    "answer": "Yes, some vouchers apply to utility and bill payments on xCash."
  },
  {
    "question": "Can I buy vouchers for others?",
    "answer": "Absolutely! Send vouchers as gifts via xCash."
  },
  {
    "question": "How secure are voucher codes?",
    "answer": "xCash ensures voucher codes are encrypted and secure."
  },
  {
    "question": "What if my voucher code is invalid?",
    "answer": "Check for typos or contact xCash support for help."
  },
  {
    "question": "Can I reload a voucher?",
    "answer": "No, vouchers are single-use and non-reloadable in xCash."
  },
  {
    "question": "Are vouchers transferable?",
    "answer": "Yes, xCash allows transfer of vouchers between users."
  },
  {
    "question": "Where do I enter voucher codes?",
    "answer": "Enter codes in the voucher redemption section of xCash."
  },
  {
    "question": "Can vouchers be used offline?",
    "answer": "Voucher redemption requires internet access in xCash."
  },
  {
    "question": "Can I track voucher balance?",
    "answer": "Yes, view your voucher balance anytime in xCash."
  },
  {
    "question": "Can expired vouchers be renewed?",
    "answer": "No, expired vouchers can’t be renewed in xCash."
  },
  {
    "question": "How do I know if a voucher is valid?",
    "answer": "xCash verifies vouchers instantly during redemption."
  },
  {
    "question": "Can vouchers be used for online shopping?",
    "answer": "Yes, xCash vouchers work with many online merchants."
  },
  {
    "question": "Can I cancel a redeemed voucher?",
    "answer": "Once redeemed, vouchers cannot be canceled in xCash."
  },
  {
    "question": "Are voucher discounts combined with sales?",
    "answer": "It depends on merchant policy; check in xCash."
  },
  {
    "question": "Can I reload a used voucher?",
    "answer": "No, vouchers are single-use in xCash."
  },
  {
    "question": "How to get a refund for a voucher purchase?",
    "answer": "Contact xCash support to inquire about refunds."
  },
  {
    "question": "Can I use vouchers internationally?",
    "answer": "xCash vouchers are valid where accepted by merchants."
  },
  {
    "question": "Do I need a voucher code to redeem?",
    "answer": "Yes, enter the code in xCash to redeem."
  },
  {
    "question": "Can vouchers expire without notice?",
    "answer": "xCash sends reminders before voucher expiry."
  },
  {
    "question": "How do I check voucher terms?",
    "answer": "View terms in the voucher details on xCash."
  },
  {
    "question": "Are voucher codes case sensitive?",
    "answer": "Usually yes, enter codes exactly in xCash."
  },
  {
    "question": "Can vouchers be gifted digitally?",
    "answer": "Yes, xCash supports sending vouchers via email or chat."
  },
  {
    "question": "How do I use a voucher for a subscription?",
    "answer": "Apply the voucher code during subscription payment on xCash."
  },
  {
    "question": "Is voucher balance refundable if unused?",
    "answer": "No refunds for unused vouchers on xCash."
  },
  {
    "question": "Can I combine vouchers with loyalty points?",
    "answer": "Check xCash merchant policies for combining offers."
  },
  {
    "question": "How to report a lost voucher code?",
    "answer": "Contact xCash support immediately."
  },
  {
    "question": "Are voucher purchases secure?",
    "answer": "Yes, xCash uses encryption for voucher transactions."
  },
  {
    "question": "Can expired vouchers be reinstated?",
    "answer": "No, expired vouchers cannot be reinstated on xCash."
  },
  {
    "question": "How do I track a gifted voucher?",
    "answer": "Gifted vouchers appear in the recipient’s xCash wallet."
  },
  {
    "question": "Are voucher redemptions reversible?",
    "answer": "No, once used, voucher redemptions are final."
  },{
    "question": "Can I use vouchers for utility bills?",
    "answer": "Yes, xCash allows voucher payments for many utility services."
  },
  {
    "question": "How to apply multiple vouchers?",
    "answer": "Currently, xCash supports one voucher per transaction."
  },
  {
    "question": "Can I get a receipt for voucher use?",
    "answer": "Yes, xCash provides a receipt after voucher redemption."
  },
  {
    "question": "Do vouchers work on mobile apps?",
    "answer": "Absolutely, xCash vouchers work seamlessly on mobile."
  },
  {
    "question": "Is there a voucher refund policy?",
    "answer": "Refunds depend on voucher type; check with xCash support."
  },
  {
    "question": "Can vouchers be used for gaming credits?",
    "answer": "Yes, certain vouchers are valid for gaming purchases via xCash."
  },
  {
    "question": "What if voucher code doesn't work?",
    "answer": "Double-check the code and contact xCash support if needed."
  },
  {
    "question": "Are vouchers region restricted?",
    "answer": "Some vouchers may be region-specific on xCash."
  },
  {
    "question": "How to buy vouchers in bulk?",
    "answer": "Contact xCash sales for bulk voucher purchases."
  },
  {
    "question": "Can I sell my vouchers?",
    "answer": "xCash does not support voucher resale currently."
  },
  {
    "question": "Can vouchers be used for charity donations?",
    "answer": "Yes, some vouchers support charitable donations through xCash."
  },
  {
    "question": "Are voucher transactions private?",
    "answer": "xCash ensures all voucher transactions remain confidential."
  },
  {
    "question": "How to update voucher details?",
    "answer": "Voucher details cannot be changed once issued in xCash."
  },
  {
    "question": "Can vouchers be linked to accounts?",
    "answer": "Yes, vouchers are tied to your xCash account securely."
  },
  {
    "question": "What happens if voucher is lost?",
    "answer": "Report immediately to xCash support to protect your voucher."
  },
  {
    "question": "Can vouchers be used at multiple stores?",
    "answer": "Some vouchers are multi-store; check xCash details."
  },
  {
    "question": "Do vouchers require activation?",
    "answer": "Most xCash vouchers activate automatically upon purchase."
  },
  {
    "question": "Are vouchers transferable after redemption?",
    "answer": "No, redeemed vouchers cannot be transferred."
  },
  {
    "question": "How to check voucher transaction history?",
    "answer": "View all voucher activity in your xCash transaction log."
  },
  {
    "question": "Is there a limit on voucher value?",
    "answer": "Yes, voucher amounts vary; check xCash voucher terms."
  },
  {
    "question": "Can I use vouchers for food delivery?",
    "answer": "Yes, many food delivery services accept xCash vouchers."
  },
  {
    "question": "How do I redeem a voucher in store?",
    "answer": "Show the voucher code via xCash app at checkout."
  },
  {
    "question": "Can vouchers expire suddenly?",
    "answer": "xCash alerts you before vouchers expire to avoid surprises."
  },
  {
    "question": "Are voucher codes reusable?",
    "answer": "No, each xCash voucher code is single-use only."
  },
  {
    "question": "Can I print my voucher?",
    "answer": "Yes, you can print voucher details from the xCash app."
  },
  {
    "question": "What to do if voucher code is incorrect?",
    "answer": "Verify the code and contact xCash support if issues persist."
  },
  {
    "question": "Can vouchers be gifted internationally?",
    "answer": "Yes, xCash supports international voucher gifting where allowed."
  },
  {
    "question": "Are vouchers linked to payment methods?",
    "answer": "No, vouchers are independent and stored in your xCash wallet."
  },
  {
    "question": "How to track voucher expiry date?",
    "answer": "Check expiry in voucher details inside the xCash app."
  },
  {
    "question": "Can I use vouchers with promo codes?",
    "answer": "Usually not, but check xCash merchant policies for exceptions."
  },
  {
    "question": "Are voucher purchases secure?",
    "answer": "Yes, xCash uses secure protocols for all voucher transactions."
  },
  {
    "question": "Can vouchers be blocked if stolen?",
    "answer": "Report quickly to xCash support to block compromised vouchers."
  },
  {
    "question": "Do vouchers have minimum spend requirements?",
    "answer": "Some vouchers do; see terms in your xCash voucher details."
  },
  {
    "question": "How do I check voucher balance?",
    "answer": "Your xCash wallet shows remaining voucher balances."
  },
  {
    "question": "Can I redeem vouchers partially?",
    "answer": "xCash allows partial redemption if merchant supports it."
  },
  {
    "question": "Can vouchers be used on weekends?",
    "answer": "Yes, xCash vouchers are valid any day unless restricted."
  },
  {
    "question": "Is voucher use anonymous?",
    "answer": "Transactions are secure but linked to your xCash account."
  },
  {
    "question": "Can I transfer voucher balance to cash?",
    "answer": "No, xCash vouchers are non-convertible to cash."
  },
  {
    "question": "What if voucher doesn’t apply to my purchase?",
    "answer": "Check terms or contact xCash support for help."
  },
  {
    "question": "Can vouchers be used for bill payments?",
    "answer": "Yes, many bills can be paid using xCash vouchers."
  },
  {
    "question": "Can vouchers be used on mobile data recharge?",
    "answer": "Yes, xCash vouchers can recharge mobile data easily."
  },
  {
    "question": "Are vouchers valid for subscription services?",
    "answer": "Many subscription payments accept xCash vouchers."
  },
  {
    "question": "How to check if a voucher is valid?",
    "answer": "Verify voucher status anytime in your xCash wallet."
  },
  {
    "question": "Can I combine vouchers with other payment methods?",
    "answer": "Yes, xCash lets you split payments including vouchers."
  },
  {
    "question": "Do vouchers have customer support?",
    "answer": "xCash offers dedicated support for voucher-related queries."
  },
  {
    "question": "Can I get cashback using vouchers?",
    "answer": "Some xCash promotions include cashback on voucher use."
  },
  {
    "question": "Are voucher codes case sensitive?",
    "answer": "Yes, enter codes exactly as shown in xCash app."
  },
  {
    "question": "Can vouchers be paused or saved for later?",
    "answer": "Yes, vouchers remain active until expiry in xCash wallet."
  },
  {
    "question": "Do vouchers require internet to redeem?",
    "answer": "Yes, xCash requires online verification for vouchers."
  },
  {
    "question": "Can vouchers be used for international payments?",
    "answer": "Some vouchers support international merchants via xCash."
  },
  {
    "question": "Is voucher redemption instant?",
    "answer": "Yes, xCash processes voucher redemption immediately."
  },
  {
    "question": "How do I report a voucher problem?",
    "answer": "Contact xCash support directly through the app."
  },
  {
    "question": "Are vouchers available for all users?",
    "answer": "Yes, any verified xCash user can access vouchers."
  },
  {
    "question": "Can vouchers be recovered if deleted?",
    "answer": "Once deleted, vouchers cannot be recovered on xCash."
  },
  {
    "question": "Can I get notifications for voucher offers?",
    "answer": "Yes, enable notifications in the xCash app settings."
  },
  {
    "question": "Are vouchers linked to specific merchants?",
    "answer": "Many vouchers are merchant-specific in xCash."
  },
  {
    "question": "How do I check voucher terms?",
    "answer": "Terms are listed in the voucher details within xCash."
  },
  {
    "question": "Can vouchers be transferred between users?",
    "answer": "No, vouchers cannot be transferred to other xCash accounts."
  },
  {
    "question": "Is voucher use tracked for rewards?",
    "answer": "Yes, xCash rewards loyal voucher users."
  },
  {
    "question": "Are vouchers safe to use on public Wi-Fi?",
    "answer": "xCash uses secure encryption even on public networks."
  }  
]
